{"cameraMode":{"drawMode":0,"name":"Shaded","section":"Shading Mode"},"sceneLighting":false,"audioPlay":false,"sceneViewState":{"showFog":true,"showMaterialUpdate":false,"showSkybox":false,"showFlares":true,"showImageEffects":true,"showParticleSystems":true},"in2DMode":false,"pivot":{"x":0.0,"y":0.13812121748924256,"z":-0.005821779370307922},"rotation":{"x":-0.13175714015960694,"y":-0.04994256794452667,"z":0.006645646411925554,"w":-0.99000084400177},"size":0.6281334757804871,"orthographic":false}