{"cameraMode":{"drawMode":0,"name":"Shaded","section":"Shading Mode"},"sceneLighting":false,"audioPlay":false,"sceneViewState":{"showFog":true,"showMaterialUpdate":false,"showSkybox":false,"showFlares":true,"showImageEffects":true,"showParticleSystems":true},"in2DMode":false,"pivot":{"x":392.0375061035156,"y":252.14999389648438,"z":3.0},"rotation":{"x":-0.13175714015960694,"y":-0.04994256794452667,"z":0.006645646411925554,"w":-0.99000084400177},"size":1.1876659393310547,"orthographic":false}